Tf idf,Markov,Euclidean,Manhattan,Jaccard,Space_NewLine,BraceSimilarity,CommentSimilarity,CodeStyleSimilarity,LCS_score,Veredict
0.9723,0.3289,0.056436996,0.209727954,0.7948717948717948,0.036662452591656125,0.11904761904761904,0.071428571,0.075712881,0.6737089201877934,1
0.9636,0.2745,0.064879186,0.26840369380474877,0.5957446808510638,0.038786673,0.10526315789473684,0.1,0.081349944,0.7045951859956237,1
0.9665,0.287,0.060691770990171964,0.2169955217119889,0.8378378378378378,0.03308642,0.1,0.14285714285714285,0.091981188,0.7864321608040201,1
1,1,0,0,1,1,0.090909091,1,0.6969696969696969,1,1
0.9968,0.5914,0.016945254940145822,0.074990601,0.8780487804878049,0.529262087,0.081521739,0.071428571,0.22740413235766707,0.8996282527881041,1
0.9964,0.2624,0.017423291010874038,0.06992909,0.8947368421052632,0.23101777059773831,0.125,1,0.45200592353257946,0.8532110091743119,1
0.9989,0.4772,0.010654638762443977,0.038161800528060064,0.9696969696969697,0.21690590111642738,0.125,1,0.44730196703880915,0.9368191721132898,1
0.9919,0.3906,0.025536918199834106,0.12124458582473996,0.8333333333333334,0.18451400329489287,0.083333333,0.1,0.1226157788760754,0.8226299694189603,1
0.9861,0.6066,0.033299947,0.1354794221364105,0.9230769230769231,0.5264623955431755,0.090909091,1,0.5391238288174222,0.6361607142857143,1
0.9935,0.3161,0.028795194,0.11817181269881907,0.8888888888888888,0.35370823145884267,0.011164274322169059,0.01369863,0.12619037863933266,0.9004739336492891,1
0.9979,0.4914,0.014134742526710096,0.066129489,0.8222222222222222,0.965287049,0.095238095,1,0.6868417148790981,0.7896174863387978,1
0.9949,0.1988,0.022641782430559743,0.10594951789151319,0.813953488,0.7536382536382537,0.063492063,0.25,0.35571010571010575,0.7423469387755102,1
0.994,0.3067,0.026326494045095034,0.098775224,0.9393939393939394,0.6071428571428572,0.10416666666666667,1,0.570436508,0.7262773722627737,1
0.9946,0.6412,0.024018485574099375,0.09478894,0.9767441860465116,0.8502604166666666,0.055555556,1,0.6352719907407408,1,1
0.963,0.3918,0.065529506,0.2524292084823766,0.7692307692307693,0.5997383911052976,0.040296925,0.08490566,0.24164699206367787,0.7768361581920904,1
1,1,0,0,1,0.996,0.068965517,1,0.6883218390804599,1,1
0.9959,0.53,0.020052992,0.090051693,0.8823529411764706,0.18518518518518523,0.125,1,0.4367283950617284,0.7430167597765364,1
0.9954,0.5136,0.020669237781561836,0.087800232,0.8571428571428571,0.080675422,0.11764705882352941,1,0.3994408269874554,0.5593607305936074,1
0.999,0.5651,0.009431305,0.037827135812925364,1,0.8333333333333334,0.2,1,0.6777777777777777,0.8463949843260188,1
0.9973,0.4732,0.017965182950714472,0.084021321,0.8571428571428571,0.5425824175824177,0.095238095,0.024390243902439025,0.22073691890765065,0.5492227979274611,1
0.9974,0.2446,0.019328715,0.074984323,0.90625,0.23670212765957444,0.3333333333333333,0.5,0.3566784869976359,0.9745454545454545,1
0.9843,0.1953,0.044250773576967085,0.14456869108616324,0.8787878787878788,0.19759036144578312,0.2,1,0.46586345381526106,0.7468354430379747,1
0.9973,0.593,0.019604192040872027,0.070900971,0.9666666666666667,0.27301587301587305,0.16666666666666666,1,0.47989418,0.9302325581395349,1
1,1,0,0,1,1,0.3333333333333333,1,0.7777777777777777,1,1
0.9973,0.2664,0.018834934275383516,0.061377609,0.90625,0.7551020408163265,0.14285714285714285,1,0.6326530612244897,0.9240506329113924,1
0.9973,0.2654,0.019578587324669817,0.063316159,0.90625,0.8,0.14285714285714285,1,0.6476190476190476,0.8934169278996865,1
1,1,0,0,1,1,0.2,1,0.7333333333333334,1,1
1,1,0,0,1,1,0.076923077,1,0.6923076923076922,1,1
0.9989,0.9964,0.010243277255377952,0.037115053960606485,1,0.9695024077046549,0.25,1,0.7398341359015516,1,1
0.9917,0.3241,0.030557766,0.1510203297075451,0.7272727272727273,0.3964646464646465,0.090909091,0.1111111111111111,0.1994949494949495,0.672972973,1
0.9866,0.4252,0.044119263,0.14622752796881636,0.918918919,0.19340659340659339,0.065,0.04,0.099468864,0.8685015290519877,1
0.9917,0.2713,0.033166312,0.15126780588648372,0.7857142857142857,0.5348837209302326,0.0875,0,0.20746124031007754,0.8012820512820513,1
0.9946,0.3702,0.022522063,0.084578386,0.925,0.5761772853185596,0.064444444,0,0.213540577,0.8947368421052632,1
0.9962,0.3281,0.018373295,0.074033947,0.8888888888888888,0.8317460317460317,0.1,0.125,0.35224867724867726,0.6532663316582915,1
0.9993,0.4127,0.007908192,0.036114253,0.88,0.9561200923787528,0.041860465,0.18181818181818182,0.3932662464377379,0.9364406779661016,1
0.9864,0.3675,0.035096419588373534,0.1464030738686827,0.7619047619047619,0.16863207547169812,0.079710145,0.05,0.099447407,0.5089820359281437,1
0.9949,0.4297,0.021474623159684163,0.086243051,0.8974358974358975,0.6103225806451613,0.1,0.04,0.25010752688172044,0.7798165137614679,1
0.9843,0.1947,0.042346347,0.1782069586743662,0.7441860465116279,0.2911795961742827,0.035087719,0.04109589,0.1224544019611624,0.8720379146919431,1
0.9923,0.5402,0.029221060057093778,0.10831936133358845,0.9696969696969697,0.18793503480278417,0.1111111111111111,0.16666666666666666,0.15523760419352065,0.7283236994219653,1
0.9982,0.2361,0.013157985,0.055114377585603475,0.8787878787878788,0.7981072555205048,0.16666666666666666,0.5,0.48825797406239047,0.8770764119601329,1
1,1,0,0,1,1,0.090909091,1,0.6969696969696969,1,1
0.9932,0.3423,0.024525749916978323,0.12340955879984315,0.7021276595744681,0.19187358916478559,0.1,0.1111111111111111,0.1343282334252989,0.673972603,1
0.9687,0.2436,0.061499545,0.23060367642658638,0.7441860465116279,0.6594124047878128,0.086956522,0.1111111111111111,0.2858266792126848,0.5543933054393305,1
0.9977,0.3942,0.013978128431386407,0.071471228,0.782608696,0.6755852842809364,0.095238095,0.1111111111111111,0.2939781635433809,0.8792569659442725,1
1,1,0,0,1,0.23037323037323032,0.125,1,0.45179107679107683,1,1
0.9902,0.2018,0.033516478,0.12360222053068294,0.9117647058823529,0.7754677754677755,0.1,1,0.6251559251559252,0.7924050632911392,1
1,1,0,0,1,0.9972144846796658,0.083333333,1,0.6935159393376663,1,1
0.9921,0.0611,0.031125065296750715,0.1509873665168297,0.7659574468085106,0.6467889908256881,0.10980392156862745,0.033333333,0.26330874857588293,0.7850746268656716,1
0.9908,0.3447,0.031533153,0.13649996883421772,0.8571428571428571,0.2127303182579564,0.070833333,0.1,0.1278545505304299,0.6372950819672131,1
0.9836,0.264,0.041380271349102556,0.1498936217155761,0.8636363636363636,0.4638109305760709,0.076388889,0.066666667,0.20228882871054213,0.7966101694915254,1
0.9926,0.4748,0.025316470130817507,0.099026439,0.9142857142857143,0.22120658135283366,0.088235294,0.2,0.16981395849016026,0.593607306,1
1,1,0,0,1,1,0.125,1,0.7083333333333334,1,1
0.9937,0.3673,0.022645767,0.10307966371253134,0.8222222222222222,0.8183556405353729,0.043209876543209874,0.2,0.35385517235952757,0.7927461139896373,1
0.9937,0.3673,0.022645767,0.10307966371253134,0.8222222222222222,0.8183556405353729,0.043209876543209874,0.2,0.35385517235952757,0.7927461139896373,1
1,1,0,0,1,1,0.060606061,1,0.6868686868686869,1,1
0.9997,0.7713,0.005636501,0.027525728,0.98,0.8877005347593583,0.060606061,1,0.6494355317884729,1,1
0.9987,0.3828,0.011758710843121028,0.056252681,0.94,0.31444759206798867,0.060606061,0.25,0.20835121755801644,0.925589837,1
0.9931,0.213,0.023554591587286407,0.095586119,0.7906976744186046,0.9065868263473054,0.07037037,1,0.6589857322392253,0.9123376623376623,1
0.9927,0.2733,0.032129162873435514,0.12128337747734917,0.7894736842105263,0.4418052256532067,0.1111111111111111,0.043478260869565216,0.19879819921129435,0.6071428571428571,1
1,1,0,0,1,1,0.18181818181818182,1,0.7272727272727272,1,1
1,1,0,0,1,0.41938579654510555,0.055555556,0.068627451,0.18118960102701775,1,1
0.9971,0.6094,0.014084426092059244,0.068130986,0.918918919,0.1655328798185941,0.071146245,1,0.41222637495929426,0.8515981735159818,1
1,1,0,0,1,1,0.05,1,0.6833333333333332,1,1
0.996,0.6109,0.021070908,0.070644488,0.9705882352941176,0.8428571428571429,0.109375,0.14285714285714285,0.36502976190476194,0.9897610921501706,1
0.9963,0.5455,0.017654949,0.073694652,0.9166666666666666,0.5167464114832536,0.083333333,1,0.5333599149388623,0.8113207547169812,1
0.9992,0.2559,0.010376200478072473,0.044494165135503035,0.9565217391304348,0.7357197258187358,0.033333333,0.043478260869565216,0.27084377334054477,0.9168081494057725,1
1,1,0,0,1,1,0.1,1,0.7000000000000001,1,1
0.996,0.4378,0.019195244,0.076626601,0.8571428571428571,0.089552239,0.11764705882352941,1,0.4023997658764999,0.8888888888888888,1
0.9943,0.4764,0.023131345643634435,0.096836245,0.9166666666666666,0.8922155688622755,0.10196078431372549,0.047619047619047616,0.3472651335983495,0.7025,1
0.9944,0.368,0.027173334,0.10717271550059858,0.925,0.2321428571428571,0.13095238095238096,1,0.45436507936507936,0.7555555555555555,1
0.9997,0.7713,0.005636501,0.027525728,0.98,0.8877005347593583,0.060606061,1,0.6494355317884729,1,1
0.9946,0.3699,0.022240453313567554,0.10129733830809524,0.9473684210526315,0.4311926605504587,0.125,0,0.18539755351681955,0.6717948717948717,1
1,1,0,0,1,0.989769821,0.125,1,0.7049232736572891,1,1
0.984,0.2778,0.038065070267044074,0.17869410044864087,0.8085106382978723,0.4788519637462235,0.055555556,0.028571429,0.18765964929106924,0.4765840220385675,1
0.9965,0.409,0.017600777208780664,0.077007402,0.875,0.6752577319587629,0.084210526,0,0.25315608609151746,0.6881443298969072,1
1,1,0,0,1,1,0.0625,1,0.6875,1,1
1,1,0,0,1,1,0.090909091,1,0.6969696969696969,1,1
0.9946,0.3333,0.020918068,0.10084992129673734,0.8636363636363636,0.9152148664343787,0.068322981,0.024390243902439025,0.3359760305677591,0.9064516129032258,1
0.9967,0.3374,0.018680186,0.080062312,0.8888888888888888,0.8965014577259476,0.10526315789473684,0.071428571,0.357731062,0.816793893,1
0.994,0.4335,0.022622002455998567,0.093263957,0.8611111111111112,0.628099174,0.1111111111111111,0.2,0.3130700948882767,0.8648648648648649,1
1,1,0,0,1,1,0.125,1,0.7083333333333334,1,1
0.9931,0.3709,0.024442873582260924,0.1029355104011293,0.9487179487179487,0.7844827586206897,0.086956522,0.3333333333333333,0.40159087123105114,0.8314917127071824,1
0.9932,0.4055,0.025987354,0.10601223220631817,0.8604651162790697,0.7156626506024096,0.057416268,1,0.5910263061816644,0.5873417721518988,1
0.9982,0.2808,0.013322480826070385,0.056131,0.9767441860465116,0.40283687943262414,0.058823529411764705,0,0.15388680294812962,0.8606271777003485,1
0.9999,0.9993,0.003415177,0.012311720400764423,1,0.9794149512459371,0.086956522,1,0.6887904909950224,0.9708333333333333,1
1,1,0,0,1,1,0.125,1,0.7083333333333334,1,1
1,1,0,0,1,0.996,0.068965517,1,0.6883218390804599,1,1
0.9984,0.4242,0.011977844016008576,0.055161487,0.9591836734693877,0.2965853658536586,0.066091954,0.25,0.2042257732922157,0.8856624319419237,1
0.9981,0.2574,0.012712381270202898,0.041802931776307506,0.9411764705882353,0.2787028921998247,0.057074910820451845,0.25,0.1952592676734255,0.6084828711256117,1
0.9925,0.348,0.028215082189539727,0.092630894,0.7954545454545454,0.24799506477483035,0.0325,0.16149068322981366,0.14732858266821466,0.7556818181818182,1
0.9913,0.3964,0.024320261,0.11934075304463318,0.825,0.1525129982668978,0.058823529411764705,0.027027027,0.079454518,0.7682926829268293,1
0.9997,0.4218,0.00494481,0.015447567538247362,0.9772727272727273,0.7731958762886598,0.05625,0.045454545454545456,0.29163347391440175,0.9416445623342176,1
0.9816,0.3607,0.046766862,0.18895551971377972,0.6976744186046512,0.9029322548028311,0.063768116,0.083333333,0.35001123469273115,0.798469388,1
0.9993,0.9975,0.008077346,0.038648808,1,0.8776371308016877,0.1,1,0.6592123769338959,0.9017199017199017,1
0.985,0.2449,0.034993349,0.17081086897855075,0.6545454545454545,0.9710144927536232,0.0625,0.16666666666666666,0.40006038647342995,0.5785714285714286,1
0.9983,0.6145,0.013939773,0.048838402494798455,0.967741935,0.16412213740458015,0.15,1,0.4380407124681933,0.8184615384615385,1
0.9986,0.469,0.012120261189608225,0.040707487,0.9534883720930233,0.7386609071274298,0.039915966,1,0.5928589578379948,0.9041811846689896,1
1,1,0,0,1,0.9971878515185602,0.04,1,0.6790626171728533,1,1
1,1,0,0,1,1,0.076923077,1,0.6923076923076922,1,1
0.9972,0.5654,0.015507552901133322,0.064133822,0.9117647058823529,0.5196304849884527,0.125,1,0.5482101616628176,0.8631284916201117,1
0.9986,0.6177,0.012998635047304185,0.05111013,0.967741935,0.17266187050359716,0.15,1,0.4408872901678657,0.9575163398692811,1
1,1,0,0,1,0.5911552346570397,0.04,0.4482758620689655,0.3598103655753351,1,1
0.9977,0.2481,0.012338131505963414,0.057961856176428024,0.88,0.21515561569688768,0.095238095,0.2,0.17013123697832766,0.8768115942028986,1
0.9915,0.251,0.025833783699624843,0.1199541642300404,0.9038461538461539,0.5173299101412067,0.03968254,0.055555556,0.20418933512643397,0.6017543859649123,1
0.9943,0.3414,0.024819378819627813,0.11634913262703475,0.8260869565217391,0.12527964205816555,0.075396825,1,0.4002254891516636,0.7111716621253406,1
1,1,0,0,1,1,0.074074074,1,0.691358025,1,1
0.9952,0.5284,0.019918020545537457,0.087161879,0.8958333333333334,0.9601113172541744,0.06385696,0.125,0.38298942588761964,0.8816901408450705,1
0.9842,0.3106,0.039802925,0.18167727596275757,0.7045454545454546,0.880184332,0.089285714,0.25,0.4064900153609831,0.7676470588235295,1
0.9807,0.4156,0.045050699,0.1682755636040548,0.9,0.2602150537634409,0.125,1,0.4617383512544803,0.7760617760617761,1
0.9907,0.2574,0.030402129472553458,0.12222476423692694,0.875,0.7361477572559367,0.125,1,0.6203825857519789,0.919047619,1
0.9858,0.2525,0.039111961490945896,0.15459701622590905,0.8837209302325582,0.29400000000000004,0.125,0.2,0.20633333333333334,0.6948640483383686,1
1,1,0,0,1,0.9986541049798116,0.083333333,1,0.6939958127710483,1,1
0.9971,0.3247,0.017076640756723445,0.075183596,0.8636363636363636,0.7811059907834101,0.076923077,0.059701493,0.3059101867479335,0.8106060606060606,1
1,1,0,0,1,1,0.125,1,0.7083333333333334,1,1
0.9998,0.8527,0.0042971,0.00810269,1,0.33119658119658124,0.1171875,1,0.4827946937321938,0.948892675,1
0.9956,0.4325,0.021251374828133097,0.10375861438611751,0.8421052631578947,0.19840000000000002,0.097744361,1,0.43204812030075185,0.7469135802469136,1
0.9956,0.3445,0.021100080489869583,0.073306386,0.9428571428571428,0.4461105904404874,0.06043956,0.037037037037037035,0.18119572930569494,0.708185053,1
0.9931,0.4545,0.028075501957960578,0.10073116771365044,0.9722222222222222,0.2857142857142857,0.2,1,0.49523809523809526,0.9428571428571428,1
0.9949,0.4639,0.022660873,0.07529161,0.9722222222222222,0.34615384615384615,0.2,1,0.5153846153846153,0.9369747899159664,1
0.9938,0.3284,0.026153924861599682,0.11806756413475818,0.8780487804878049,0.1814882032667876,0.10714285714285714,0.25,0.1795436868032149,0.7657992565055762,1
1,1,0,0,1,0.9829488465396189,0.074074074,1,0.6856743068712309,1,1
0.9961,0.326,0.018858557833325986,0.088424005,0.8918918918918919,0.872093023,0.13333333333333333,0.2,0.4018087855297157,0.8808664259927798,1
0.9986,0.5566,0.011492182,0.048462933541485426,0.8787878787878788,0.19851116625310172,0.1111111111111111,0,0.10320742578807095,0.7421875,1
0.9981,0.2574,0.012712381270202898,0.041802931776307506,0.9411764705882353,0.2793345008756567,0.057074910820451845,0.25,0.19546980389870283,0.6084828711256117,1
0.9988,0.4714,0.012110931519880318,0.046184276,0.8888888888888888,0.17366412213740456,0.055555556,0.5,0.24307322589765337,0.9066666666666666,1
0.9947,0.319,0.020525668,0.080427421,0.918918919,0.8784893267651889,0.1,1,0.659496442,0.7966573816155988,1
0.9975,0.6422,0.014369713300239157,0.022172949002217297,0.9333333333333333,0.9957865168539326,0.060606061,1,0.6854641924866645,0.9889135254988913,1
0.9944,0.114,0.028246081,0.10650660197618364,0.8863636363636364,0.8148984198645598,0.093567251,0.052631579,0.3203657500913055,0.553030303,1
1,1,0,0,1,0.45583596214511046,0.05,1,0.5019453207150368,1,1
0.998,0.6786,0.012478412040189077,0.053221256,0.9183673469387755,0.920265781,0.070512821,1,0.6635928670812392,0.7961335676625659,1
0.9982,0.3837,0.015407145,0.068439116,0.8444444444444444,0.14613778705636749,0.083102493,1,0.40974676004371996,0.7656565656565657,1
0.9957,0.039,0.021213650896189325,0.1037472673482851,0.7169811320754716,0.40556009811937854,0.028637771,0.11594202898550725,0.1833799660009062,0.6133004926108374,1
0.9967,0.4957,0.022311939815633595,0.069536832,0.9142857142857143,0.4636591478696742,0.125,1,0.5295530492898913,0.8181818181818182,1
0.9924,0.4787,0.027446679,0.089965954,0.7608695652173914,0.2503113325031133,0.0325,0.16149068322981366,0.14810067191097567,0.7689393939393939,1
0.9938,0.4657,0.025134336570169794,0.12143386399395474,0.9285714285714286,0.5396687009590235,0.047619047619047616,0.14285714285714285,0.24338163047840466,0.9328859060402684,1
0.9992,0.6317,0.00859206,0.03760277,0.9565217391304348,0.9356060606060606,0.090909091,1,0.6755050505050505,0.9162303664921466,1
0.9982,0.9319,0.012826753928260454,0.05715142,0.9512195121951219,0.6339381003201707,0.094182825,0.010526315789473684,0.24621574719813633,0.7882653061224489,1
0.997,1,0.015678643,0.022172949002217297,0.9545454545454546,0.9971910112359551,0.060606061,1,0.6859323572806719,0.9889135254988913,1
0.9995,0.5944,0.00761081,0.033388604,0.9574468085106383,0.8882907133243607,0.08,0.083333333,0.350541349,0.9296482412060302,1
0.9956,0.5606,0.019866546437242106,0.071048764,0.9428571428571428,0.14381270903010035,0.1,1,0.41460423634336685,0.7922848664688428,1
1,1,0,0,1,1,0.038461538461538464,1,0.6794871794871794,1,1
0.9979,0.9766,0.016810093160384794,0.060631829624808405,1,0.37827715355805247,0.3333333333333333,1,0.5705368289637952,0.8490028490028491,1
0.9973,0.2654,0.019578587324669817,0.063316159,0.90625,0.8,0.14285714285714285,1,0.6476190476190476,0.8934169278996865,1
0.9957,0.4247,0.020265219409901957,0.081963175,0.9142857142857143,0.20448179271708689,0.1111111111111111,1,0.4385309679427327,0.772609819,1
0.9922,0.346,0.028587999726217134,0.12385250389969331,0.8787878787878788,0.5256410256410257,0.083333333,1,0.5363247863247863,0.7727272727272727,1
0.9956,0.2987,0.018976124,0.10130608253415863,0.72,0.3950762016412661,0.045,0,0.14669206721375536,0.8,1
0.9979,0.3275,0.013305400817131174,0.060770043,0.9047619047619048,0.54375,0.0703125,1,0.5380208333333333,0.5366269165247018,1
1,1,0,0,1,1,0.2,1,0.7333333333333334,1,1
0.998,0.4578,0.013622360659522208,0.061029191,0.8717948717948718,0.6632016632016632,0.060606061,0.25,0.32460257460257463,0.8821917808219178,1
0.9998,0.9855,0.004209643,0.012645160987818893,1,0.8676470588235294,0.14285714285714285,1,0.6701680672268907,0.9686520376175548,1
0.9891,0.4065,0.030882342,0.14195047375281403,0.813953488,0.7585335018963337,0.075294118,0.2,0.3446092065144642,0.7002652519893899,0
0.9933,0.3268,0.023918912485091485,0.10459766578718359,0.8837209302325582,0.8729096989966555,0.090909091,0.071428571,0.3450824537781059,0.7640117994100295,0
0.9904,0.3148,0.030936952,0.1561575408325971,0.7551020408163265,0.9411057692307693,0.070588235,0.2,0.40389800150829563,0.47443762781186094,0
0.997,0.6192,0.018675361931464723,0.06916255,1,0.277992278,0.10714285714285714,0.025,0.1367117117117117,0.7482758620689656,0
0.9831,0.3678,0.038220041,0.15447792102785646,0.875,0.3424242424242424,0.091666667,0,0.14469696969696969,0.7617554858934169,0
0.9874,0.3825,0.03253343,0.14979537360220502,0.8095238095238095,0.1737804878048781,0.054945054945054944,0.037037037037037035,0.088587527,0.41100917431192663,0
0.9699,0.2897,0.058355485519492746,0.2123684364467967,0.7804878048780488,0.6512651265126512,0.078787879,0.03125,0.253767668,0.6275,0
0.9798,0.2365,0.044142416,0.19468059925658093,0.6481481481481481,0.46101517530088953,0.038043478,0.029850746268656716,0.17630313327680527,0.8255578093306288,0
0.9934,0.2145,0.024177312482622643,0.12541028287177394,0.7735849056603774,0.722333001,0.033395176,0.028985507246376812,0.261571228,0.61218425,0
0.9919,0.3836,0.030497362,0.13082425601205225,0.8421052631578947,0.899009901,0.080357143,0.029411764705882353,0.3362596028510414,0.6675603217158177,0
0.9887,0.3098,0.033055061369270555,0.1533010884173802,0.7073170731707317,0.45027124773960214,0.072115385,0.043478260869565216,0.18862163107485067,0.6135371179039302,0
0.992,0.3944,0.029710227,0.1330164956099689,0.8333333333333334,0.47875,0.099547511,0.3333333333333333,0.3038769482151835,0.692063492,0
0.9757,0.3184,0.046738704,0.23250508974511308,0.5932203389830508,0.7035611164581328,0.05,0.3333333333333333,0.3622981499304887,0.48303715670436187,0
0.9973,0.2968,0.015749371683679018,0.073457959,0.9,0.43494897959183676,0.0875,0.03125,0.18456632653061225,0.6709844559585493,0
0.9912,0.4099,0.030130082646450482,0.1438967603739872,0.7560975609756098,0.39755639097744366,0.1111111111111111,0.021276596,0.17664803261107853,0.7167630057803468,0
0.9747,0.1911,0.047866949,0.2082366854485678,0.6862745098039216,0.14225648213034336,0.046822742474916385,0.04,0.076359742,0.6832971800433839,0
0.9796,0.3104,0.048567978,0.19333870954533247,0.6666666666666666,0.41104294478527603,0.063218391,0.052631579,0.17563097151241405,0.6378378378378379,0
0.4745,0.2164,0.24200493349180044,0.696053393,0.6,0.5556432517758485,0.053030303,0.008547009,0.2057401877843867,0.42122719734660036,0
0.9941,0.2846,0.022401545882800376,0.096905001,0.8604651162790697,0.17404129793510326,0.042087542,0.2,0.1387096133408818,0.5505050505050505,0
0.9931,0.3713,0.024729138,0.10907574543727792,0.85,0.2084765177548683,0.051282051,0.024390243902439025,0.094716271,0.6329113924050633,0
0.9872,0.3341,0.032862404,0.16075694498693346,0.6808510638297872,0.1775147928994083,0.055555556,1,0.411023449,0.39903846153846156,0
0.9902,0.4182,0.034188666,0.12911850826941768,0.8,0.28117647058823525,0.05,0.024193548387096774,0.11845667299177735,0.5736434108527132,0
0.9951,0.4417,0.022822260001755662,0.095522374,0.8857142857142857,0.135673624,0.069444444,0.5,0.23503935624428982,0.72,0
0.9924,0.2124,0.032559739,0.13925627234276805,0.7659574468085106,0.15163147792706333,0.06884058,0,0.073490686,0.5446096654275093,0
0.9919,0.3315,0.025572491774267608,0.12164676923281433,0.813953488,0.23285198555956677,0.075,0,0.1026173285198556,0.7190721649484536,0
0.9916,0.2832,0.026352906872282547,0.13293938515010137,0.7755102040816326,0.2218543046357616,0.051587301587301584,0.1,0.12448053540768773,0.5885416666666666,0
0.9824,0.3319,0.046961673713136746,0.1879896918936163,0.7894736842105263,0.6951118475559237,0.041666666666666664,0.1,0.2789261714075301,0.7354014598540146,0
0.9934,0.2757,0.02411407,0.12116587916951067,0.775,0.7013372956909361,0.059210526,1,0.5868492740022418,0.5798816568047337,0
0.9801,0.284,0.043978902,0.21205250381705054,0.6274509803921569,0.2733308742161564,0.054054054,0.022222222222222223,0.11653571683081092,0.38949671772428884,0
0.9911,0.395,0.033012497,0.13781995381778783,0.7804878048780488,0.9227895392278954,0.061728395,0.125,0.3698393114298746,0.6328600405679513,0
0.9859,0.3263,0.035867246264837976,0.16686311779545984,0.8108108108108109,0.4105090311986864,0.10416666666666667,1,0.504891899,0.6330532212885154,0
0.9446,0.3439,0.064982846,0.259836457,0.8478260869565217,0.2719606465214336,0.035121951,0.055555556,0.12087938443216711,0.5948081264108352,0
0.8895,0.3061,0.089467441,0.3216765344700208,0.8478260869565217,0.11684210526315786,0.026,0.058823529411764705,0.067221878,0.45328467153284674,0
0.9584,0.3233,0.059428179,0.260101562,0.74,0.4905277401894452,0.042016807,0.025641026,0.18606185751771998,0.4268707482993197,0
0.9871,0.2565,0.034024745358894125,0.146582973,0.7272727272727273,0.6018711018711018,0.066666667,0.14285714285714285,0.2704649704649704,0.6913265306122449,0
0.9965,0.2657,0.020337776625149375,0.097840215,0.8541666666666666,0.6138613861386139,0.044973545,0.1,0.2529449770373863,0.43902439024390244,0
0.9963,0.2178,0.017968762241943236,0.10160831904297932,0.8163265306122449,0.8520084566596194,0.055555556,0.04,0.31585467073839163,0.5127334465195246,0
0.9959,0.5253,0.020203717235457004,0.07832996,0.9142857142857143,0.5402542372881356,0.069444444,0.5,0.36989956057752665,0.7333333333333333,0
0.9848,0.3557,0.037366522,0.1774109481990865,0.7435897435897436,0.5217391304347826,0.073593074,0.3333333333333333,0.3095551791203965,0.5793103448275863,0
0.9892,0.2735,0.030551532493165685,0.1500983248530581,0.7209302325581395,0.24705882352941178,0.053571429,0.015151515151515152,0.1052605890841185,0.6189376443418014,0
0.9883,0.3727,0.030530525544264404,0.12283583388409582,0.8888888888888888,0.15436241610738255,0.063492063,1,0.4059514931998153,0.5551948051948052,0
0.9913,0.5084,0.031482776,0.14035594929311523,0.875,0.1800766283524904,0.082539683,1,0.4208721036307243,0.7491408934707904,0
0.873,0.2904,0.10597379127706542,0.29248399464817665,0.7954545454545454,0.5323809523809524,0.10714285714285714,0,0.21317460317460316,0.44163424124513617,0
0.9851,0.3352,0.036690469,0.16052284653366583,0.7446808510638298,0.7626970227670753,0.0625,0.047619047619047616,0.29093869012870766,0.7333333333333333,0
0.9899,0.5839,0.031265923,0.1270898975303256,0.9117647058823529,0.8078291814946619,0.084415584,0,0.29741492197008207,0.6421568627450981,0
0.9914,0.4517,0.027891743931020348,0.11670749703593329,0.8823529411764706,0.3125,0.11764705882352941,1,0.47671568627450983,0.6232686980609419,0
0.9939,0.4635,0.02356454,0.10479852012140935,0.8611111111111112,0.2733224222585925,0.11764705882352941,0.076923077,0.15596418600173292,0.6454293628808865,0
0.995,0.3277,0.020965539177821537,0.10453573933846365,0.8163265306122449,0.080069626,0.038194444,0.006711409,0.041658493200649786,0.6310904872389791,0
0.9681,0.1874,0.054182816,0.26901102365056756,0.6122448979591837,0.5957284515636918,0.032098765,1,0.5426090723319302,0.4799405646359584,0
0.9874,0.443,0.033983609501344034,0.13674823987374285,0.9117647058823529,0.6623376623376623,0.10526315789473684,1,0.5892002734107997,0.5840978593272171,0
0.9846,0.4244,0.036666123347724476,0.1732964161845715,0.8571428571428571,0.3710526315789474,0.10784313725490197,1,0.49296525627794985,0.4987012987012987,0
0.9697,0.2627,0.05281057,0.22796628004160902,0.6888888888888889,0.5503778337531486,0.069264069,0,0.2065473010057393,0.5253549695740365,0
0.9663,0.257,0.072065569,0.2978092662621053,0.7142857142857143,0.6030534351145038,0.085714286,0.017857142857142856,0.2355416212286441,0.6357142857142857,0
0.9866,0.255,0.035643408852993504,0.15195686672228378,0.7948717948717948,0.6178571428571429,0.086956522,0.1111111111111111,0.2719749252357948,0.5489021956087824,0
0.9859,0.3553,0.037091603,0.16249593524137232,0.7894736842105263,0.6207513416815742,0.1111111111111111,1,0.5772874842642285,0.6213333333333333,0
0.9668,0.4771,0.051355087,0.2326346395025202,0.8536585365853658,0.3045325779036827,0.068965517,1,0.45783269838168733,0.6751412429378532,0
0.9922,0.2457,0.026993445262090895,0.12178250894101593,0.9302325581395349,0.5530035335689045,0.043771044,0.125,0.24059152577998277,0.7315068493150685,0
0.9884,0.3636,0.029384788,0.14773391031083788,0.7727272727272727,0.8804347826086957,0.048295454545454544,0.058823529411764705,0.32918458885530494,0.7558441558441559,0
0.9857,0.2493,0.045977494,0.2137072954283949,0.7346938775510204,0.379978471,0.10714285714285714,0.015873015873015872,0.167664781,0.5452380952380952,0
0.9691,0.2606,0.051971539,0.20417791606808625,0.8571428571428571,0.8319209039548022,0.11764705882352941,0.045454545454545456,0.331674169,0.6650602409638554,0
0.9463,0.2923,0.067226189,0.266523642,0.6938775510204082,0.509627728,0.125,0.045454545454545456,0.22669409110359048,0.6716738197424893,0
0.4758,0.2071,0.2382947068016788,0.6702274324464159,0.6481481481481481,0.225382932,0.083333333,0.014492753623188406,0.10773633970760792,0.3615257048092869,0
0.9949,0.3503,0.021720577,0.10874498034365626,0.8571428571428571,0.48815165876777256,0.13095238095238096,0.058823529411764705,0.22597585637730608,0.6378378378378379,0
0.9945,0.3172,0.021837502,0.10240331863993987,0.7727272727272727,0.21593291404612158,0.041666666666666664,0.013157894736842105,0.090252492,0.5903890160183066,0
0.9918,0.4602,0.028118575808873565,0.1352678341732954,0.8571428571428571,0.18409294012511168,0.0625,1,0.4155309800417039,0.5843520782396088,0
0.9928,0.2338,0.02555586,0.12807042128607335,0.7441860465116279,0.2141372141372141,0.066666667,0.25,0.17693462693462692,0.6887755102040817,0
0.9914,0.2951,0.027617854,0.15991836987998664,0.6428571428571429,0.22972972972972971,0.04040404,0.043795620437956206,0.10464313019057543,0.7139689578713969,0
0.9853,0.391,0.035733546,0.16489349436449743,0.7894736842105263,0.13732004429678846,0.054054054,1,0.3971246994502808,0.7547770700636943,0
0.9883,0.2255,0.039086496,0.16048930010092552,0.6808510638297872,0.3926767676767676,0.0625,0.090909091,0.1820286195286195,0.5054263565891473,0
0.9861,0.6105,0.034843263,0.1346585472960941,0.8372093023255814,0.1908482142857143,0.079365079,0.16666666666666666,0.14562665343915346,0.7547619047619047,0
0.9959,0.4256,0.018539303,0.07935207,0.9714285714285714,0.8585434173669468,0.066666667,0.3333333333333333,0.41951447245564893,0.5569852941176471,0
0.9864,0.2761,0.035573518,0.16527535555320877,0.6956521739130435,0.47559449311639546,0.042929293,0.028571429,0.182365072,0.4366391184573003,0
0.9949,0.3684,0.021584251998298946,0.094843326,0.825,0.2725925925925926,0.043290043,0.14285714285714285,0.15291325957992627,0.6746411483253588,0
0.9952,0.4234,0.021621431,0.11477424910952265,0.68,0.200180343,0.067307692,0.0625,0.10999601165290977,0.6477272727272727,0
0.9903,0.368,0.031340449,0.13785205283372032,0.75,0.6447793326157158,0.076923077,0.034482758620689655,0.25206172271982746,0.7612732095490716,0
0.9958,0.4188,0.019418765668306064,0.086546899,0.7692307692307693,0.2057356608478803,0.055555556,1,0.420430405,0.6832460732984293,0
0.9898,0.3561,0.033907434,0.15998706061067494,0.75,0.7134986225895317,0.083333333,1,0.5989439853076216,0.524390244,0
0.9896,0.346,0.031333429,0.14674686675330564,0.7272727272727273,0.2941176470588235,0.0875,0,0.12720588235294117,0.498812352,0
0.9924,0.2877,0.027100144706262617,0.11486941661648248,0.7727272727272727,0.4642066420664207,0.11764705882352941,0.03125,0.20436790029665006,0.6643518518518519,0
0.9702,0.2659,0.050360433,0.20909308579672062,0.6938775510204082,0.24739583333333337,0.051948052,0.3333333333333333,0.21089240620490624,0.6041666666666666,0
0.9886,0.4624,0.031943115,0.14515016363154526,0.813953488,0.8024408848207475,0.035555555555555556,1,0.6126654801254343,0.5096582466567607,0
0.9926,0.4116,0.025637421924108904,0.11869615139400697,0.7954545454545454,0.8746465598491988,0.047058823529411764,1,0.6405684611262036,0.5376344086021505,0
0.9797,0.3951,0.041966727,0.19960558732787598,0.7333333333333333,0.5181598062953996,0.054320988,0.2,0.2574935979832402,0.512,0
0.9978,0.3388,0.013912829543302446,0.076004634,0.813953488,0.8386308068459658,0.047619047619047616,1,0.6287499514883378,0.6711798839458414,0
0.9942,0.3719,0.022627938435294707,0.096159763,0.8648648648648649,0.4392523364485982,0.083333333,0.125,0.2158618899273105,0.7287066246056783,0
0.995,0.0545,0.020880449,0.099236056,0.8918918918918919,0.9009345794392524,0.125,0.125,0.38364485981308416,0.6130790190735694,0
0.9829,0.3927,0.045362159,0.18728792360723046,0.7333333333333333,0.10385756676557867,0.041208791,0.03125,0.058772119324789956,0.6942528735632184,0
0.9847,0.2782,0.038202772620023834,0.16445078713672973,0.8461538461538461,0.083146067,0.040178571,0.16666666666666666,0.096663769,0.8308157099697885,0
0.9914,0.3752,0.031285241,0.14285748524023115,0.7948717948717948,0.7325905292479109,0.077777778,0.0625,0.29095610234189623,0.6244635193133047,0
0.9873,0.2016,0.036924828,0.1777417025489422,0.7222222222222222,0.7010101010101011,0.04,0,0.24700336700336703,0.39457831325301207,0
0.9898,0.3566,0.030654907,0.15563849607612038,0.7608695652173914,0.31882352941176473,0.10784313725490197,0.076923077,0.16786324786324788,0.5232323232323233,0
0.9825,0.3464,0.039935432797259404,0.1923196893061922,0.6956521739130435,0.5994741454864154,0.090909091,0.016666666666666666,0.23568330102072432,0.4701627486437613,0
0.9925,0.3704,0.027546443,0.12176783895712011,0.8292682926829268,0.8368495077355838,0.086956522,0.083333333,0.33571312093601585,0.5734265734265734,0
0.9934,0.8233,0.024492514362710105,0.10650183571187168,0.9142857142857143,0.4540983606557377,0.0875,1,0.5138661202185792,0.7757009345794392,0
0.9698,0.3834,0.052171245493929555,0.20619905768382216,0.8461538461538461,0.2519970951343501,0.055555556,0.015267175572519083,0.10760660875414158,0.34300126103404793,0
0.9912,0.3498,0.030538251,0.11671736351661105,0.7619047619047619,0.8890510948905109,0.067857143,0.125,0.360636079,0.8356545961002786,0
0.9946,0.3506,0.021964149557576508,0.10219516228652059,0.8125,0.22997172478793593,0.088235294,0.071428571,0.1298785301113848,0.501577287,0
0.9953,0.4602,0.022896933751316594,0.091516845,0.9393939393939394,0.2149200710479574,0.083333333,0.090909091,0.12972083176346055,0.856353591,0
0.9854,0.4521,0.037119984491844366,0.14301732411337004,0.9375,0.095764273,0.125,0.14285714285714285,0.12120713847233183,0.8025078369905956,0
0.9844,0.3074,0.036964231,0.1413949081845268,0.8409090909090909,0.28125,0.0625,0,0.11458333333333333,0.5410714285714285,0
0.9786,0.318,0.043116543506197126,0.15494992090078172,0.8409090909090909,0.4956140350877193,0.0625,0,0.18603801169590642,0.5212947189097104,0
0.988,0.3076,0.036730031,0.1456936062002537,0.7209302325581395,0.6968463886063072,0.072727273,0.047619047619047616,0.27239756965087586,0.7113207547169811,0
0.9858,0.0783,0.042709243,0.2029132818384071,0.6170212765957447,0.20736086175942547,0.060606061,0.05,0.10598897412182869,0.7160751565762005,0
0.991,0.368,0.029440552,0.15206254187256835,0.6851851851851852,0.1327433628318584,0.041925466,0.071428571,0.082032467,0.5454545454545454,0
0.9921,0.3648,0.027498360035270165,0.11576652958098727,0.8888888888888888,0.4602510460251046,0.16666666666666666,0.038461538461538464,0.22179308371776987,0.7363420427553444,0
0.9859,0.3504,0.035315904,0.1836475401860491,0.75,0.084792627,0.062801932,0.2,0.11586485303175346,0.7328990228013029,0
0.9854,0.3724,0.035567132429016324,0.16261775678369272,0.8461538461538461,0.6294416243654822,0.088435374,1,0.5726256661717141,0.6912751677852349,0
0.9737,0.2061,0.054835553321536425,0.2174046710090179,0.717391304,0.22585794094173983,0.055555556,0,0.093804499,0.5799180327868853,0
0.9651,0.2825,0.056996011,0.22114749587567975,0.7291666666666666,0.1553328561202577,0.034749035,0,0.06336063,0.3568521031207598,0
0.9825,0.2749,0.038370189,0.19459128966540845,0.7111111111111111,0.24943820224719104,0.070588235,0,0.10667547918043623,0.6370370370370371,0
0.9687,0.2374,0.051159458702873147,0.23053774133432353,0.6808510638297872,0.25773195876288657,0.095588235,0.17647058823529413,0.17659692743076613,0.5069033530571992,0
0.9817,0.3361,0.03551994,0.13448101676203933,0.9473684210526315,0.6430635838150289,0.041958042,0.2,0.29500720859102364,0.5591397849462365,0
0.9518,0.3395,0.062453478,0.24897506612545395,0.7619047619047619,0.7350785340314137,0.036666667,0.09375,0.2884984002326934,0.6691358024691358,0
0.9912,0.1764,0.031529903,0.13232615785400778,0.7948717948717948,0.5492957746478873,0.1,1,0.5497652582159624,0.6876456876456877,0
0.4742,0.2209,0.23675940160076311,0.6824745990844177,0.5964912280701754,0.3588621444201313,0.0625,0.00990099,0.14375437817304706,0.581453634,0
0.4757,0.2001,0.23906834759971843,0.6662385323658464,0.6923076923076923,0.4146608315098468,0.077380952,0.014492753623188406,0.16884484583799586,0.7515527950310559,0
0.9718,0.5234,0.050777674094967126,0.20816772348315732,0.7368421052631579,0.10316815597075546,0.038461538461538464,0.1,0.080543231,0.5895196506550219,0
0.9921,0.3002,0.030663101,0.1284825464232306,0.7916666666666666,0.2934443288241415,0.061111111,0.033333333,0.12929625775619533,0.53418124,0
0.9874,0.3215,0.035531967,0.16973149193834272,0.7272727272727273,0.19304152637485972,0.072222222,1,0.42175458286569395,0.6387434554973822,0
0.9883,0.2781,0.034855851,0.152169643,0.7446808510638298,0.297945205,0.072463768,0,0.12346965786513135,0.5622119815668203,0
0.9575,0.1997,0.060396685327854825,0.22680667153569262,0.5769230769230769,0.18541451668386655,0.020140515222482436,0.034722222222222224,0.080092418,0.7224334600760456,0
0.976,0.3561,0.045227533672394064,0.17853898454118372,0.7254901960784313,0.26867030965391625,0.061111111,0.030303030303030304,0.12002815035601921,0.6127272727272727,0
0.9968,0.7698,0.016848271657629005,0.067553632,0.9705882352941176,0.6200527704485488,0.09375,0.5,0.4046009234828496,0.886435331,0
0.9785,0.2319,0.041667667,0.18527089993166507,0.6851851851851852,0.6661828737300435,0.039747064,0.055555556,0.25382849780763567,0.5609480812641083,0
0.9854,0.3379,0.036960863,0.17915953957607442,0.7454545454545455,0.13088235294117645,0.034482758620689655,0.1,0.088455037,0.47368421052631576,0
0.9899,0.3588,0.028449839,0.13176512892164774,0.85,0.12152133580705005,0.047619047619047616,0.090909091,0.086683158,0.6483253588516746,0
0.9866,0.347,0.039856865,0.15485301551772274,0.8604651162790697,0.135632184,0.055882353,0.3333333333333333,0.17494929006085194,0.44366197183098594,0
0.9955,0.3275,0.024715627812885995,0.09700199,0.9512195121951219,0.42155816435432225,0.10526315789473684,0.021276596,0.1826993059979133,0.7219387755102041,0
0.9873,0.5943,0.035676483,0.1585975675521889,0.7804878048780488,0.2946768060836502,0.13333333333333333,0.2,0.20933671313899452,0.7428571428571429,0
0.9928,0.2101,0.024656460518759502,0.10303961759536176,0.8918918918918919,0.14555555555555555,0.066666667,0.125,0.1124074074074074,0.7993311036789298,0
0.9821,0.3129,0.043848603038100786,0.17824510946259664,0.8157894736842105,0.5138568129330254,0.0703125,0.090909091,0.22502613461403878,0.6730769230769231,0
0.9934,0.3941,0.031120858199382394,0.1119779451925149,0.8292682926829268,0.35517970401691334,0.057416268,1,0.47086532398649905,0.6088709677419355,0
0.996,0.5898,0.021758695804766606,0.097056967,0.7441860465116279,0.1330472103004292,0.1,1,0.41101573676680975,0.9076433121019108,0
0.9903,0.2877,0.029658718330980986,0.16341746401789897,0.6938775510204082,0.6993006993006994,0.066666667,0.083333333,0.28310023310023313,0.6803874092009685,0
0.9859,0.3003,0.036849468,0.1436187263817334,0.8648648648648649,0.8584905660377359,0.042857143,0.1111111111111111,0.33748627333532993,0.6985583224115334,0
0.9949,0.4206,0.021234434636418876,0.10210521757770248,0.8297872340425532,0.2121504339440694,0.039627039627039624,0.013888888888888888,0.088555454,0.6598890942698706,0
0.9507,0.2491,0.065740001,0.259985626,0.6949152542372882,0.7104394649991315,0.015238095238095238,0.066666667,0.2641147423012978,0.5859296482412061,0
0.9952,0.4379,0.022615987751094385,0.11312989654746823,0.7954545454545454,0.6247422680412371,0.053221289,0.25,0.3093211855188811,0.8047337278106509,0
0.9877,0.2701,0.031632638000024714,0.1421672272941452,0.7391304347826086,0.5613207547169812,0.065789474,0.022222222222222223,0.21644415020780464,0.7166123778501629,0
0.992,0.2362,0.026720503326632727,0.14884858311735355,0.7058823529411765,0.28119349005424954,0.061728395,0.09375,0.1455572950386593,0.4657534246575342,0
0.9959,0.3118,0.018532015505039377,0.090310742,0.782608696,0.9254237288135593,0.052083333333333336,0.056338028169014086,0.3446150301053022,0.7878787878787878,0
0.9884,0.3373,0.033455093563176184,0.14924972644732704,0.8780487804878049,0.7802294792586055,0.035714286,0.25,0.355314588,0.6098130841121495,0
0.9866,0.4515,0.037787624,0.14105026260840664,0.9,0.9309954751131222,0.038194444,0.066666667,0.3452855287414111,0.8092105263157895,0
0.9964,0.5018,0.019059109,0.090236747,0.8,0.7297650130548303,0.12307692307692308,0.16666666666666666,0.3398362009328067,0.7966573816155988,0
0.9916,0.5428,0.026693493601012204,0.12374969494191855,0.825,0.7653061224489796,0.098245614,0.1,0.3211839121613558,0.6292134831460674,0
0.9951,0.3961,0.025920682728090165,0.10790691584124924,0.8863636363636364,0.9479166666666666,0.071428571,0.018518518518518517,0.34595458553791886,0.5336322869955157,0
0.9876,0.3687,0.033040590433269186,0.152994797,0.7619047619047619,0.30763790664780766,0.047619047619047616,0.030303030303030304,0.12851999485662854,0.34500426985482496,0
0.9936,0.4405,0.027640701168246084,0.12584378077785155,0.7555555555555555,0.5251612903225806,0.084415584,0.14285714285714285,0.25081133919843596,0.8796296296296297,0
0.9941,0.4012,0.023910594745966372,0.11595924859297252,0.7560975609756098,0.1540930979133226,0.14285714285714285,0.3333333333333333,0.21009452470126624,0.6224489795918368,0
0.99,0.1962,0.03340502,0.16714407181457944,0.6545454545454545,0.25,0.04,0.072727273,0.12090909090909091,0.30120481927710846,0
0.9859,0.3057,0.034123941,0.1746298363438041,0.7777777777777778,0.1331245105716523,0.0625,0.030303030303030304,0.07530918,0.6063569682151589,0
0.9909,0.2777,0.028641190712551976,0.15353161114598488,0.62,0.16487455197132617,0.056818181818181816,0.030303030303030304,0.083998588,0.7203166226912929,0
0.9873,0.4349,0.036474492,0.1677171949266309,0.7083333333333334,0.3249097472924187,0.04,0.016393443,0.1271010633051232,0.5535714285714286,0
0.9773,0.3047,0.044590302,0.20902155508363401,0.75,0.124,0.066666667,0.018518518518518517,0.069728395,0.7292993630573248,0
0.9626,0.266,0.053870154,0.23783027242553637,0.6458333333333334,0.9637139807897546,0.054166667,0.017543859649122806,0.3451415023685147,0.5640394088669951,0
0.9838,0.2938,0.0376868,0.13277183907599846,0.9534883720930233,0.7433004231311706,0.074074074,0.125,0.3141248324017482,0.5620253164556962,0
0.9858,0.4327,0.037499126933128304,0.15571500648322784,0.7948717948717948,0.5063861758076634,0.046703296703296704,0.083333333,0.21214093528143116,0.759825328,0
0.9858,0.4327,0.037499126933128304,0.15571500648322784,0.7948717948717948,0.5063861758076634,0.046703296703296704,0.083333333,0.21214093528143116,0.759825328,0
0.9682,0.2475,0.060989221,0.23545865076851147,0.813953488,0.4008810572687225,0.071428571,0.083333333,0.18521432067687574,0.5592105263157895,0
0.9852,0.3493,0.036923856,0.17833653378579964,0.7674418604651163,0.7774390243902439,0.11282051282051282,0.017543859649122806,0.3026011322866265,0.549079755,0
0.9932,0.2984,0.02419911,0.13125689108940555,0.72,0.7622775800711744,0.043402777777777776,0.045454545454545456,0.2837116344344992,0.5541195476575121,0
0.9917,0.2532,0.032054679,0.12817191224736674,0.8285714285714286,0.4553846153846154,0.16666666666666666,0.043478260869565216,0.22184318097361574,0.8978328173374613,0
0.9848,0.4054,0.037093496,0.1737020761046348,0.8048780487804879,0.24101796407185627,0.030360531309297913,0.25,0.17379283179371807,0.45391061452513964,0
0.9705,0.3452,0.058858777,0.2384038887387491,0.7317073170731707,0.8064516129032258,0.087301587,0.1,0.3312510667349377,0.4867549668874172,0
0.9805,0.1739,0.041826269945000744,0.22065983184333182,0.6862745098039216,0.5478170478170479,0.066666667,0.25,0.2881612381612382,0.5867346938775511,0
0.9871,0.513,0.034637284,0.12092167149353494,0.972972973,0.4556489262371616,0.043103448,0.021276596,0.1733429900859015,0.6321525885558583,0
0.9911,0.248,0.027568015811898775,0.1314283144690708,0.782608696,0.186222559,0.045138889,0,0.077120483,0.5521885521885522,0
0.9899,0.3523,0.02852694,0.14160502963536864,0.7169811320754716,0.4087363494539782,0.040372670807453416,0.026315789,0.15847493657837194,0.4024975984630163,0
0.993,0.5421,0.026930278985590517,0.13253153097134598,0.8478260869565217,0.18137730358874882,0.07,0.047619047619047616,0.09966545,0.7861111111111111,0
0.9875,0.2437,0.035337224717193694,0.16083902913429912,0.8048780487804879,0.5324779470729751,0.055944055944055944,0.029411764705882353,0.20594458924097114,0.5875,0
0.9948,0.2244,0.022201005,0.11937414647498898,0.7555555555555555,0.22556390977443608,0.062130178,0,0.095898029,0.6708333333333333,0
0.9962,0.3587,0.023439147,0.11969008413877406,0.6491228070175439,0.3412863070539419,0.064615385,0.076923077,0.16094158953080115,0.7537688442211056,0
0.9884,0.2189,0.031024688627053282,0.14571175766108121,0.6981132075471698,0.14448857994041708,0.041125541,0.045112781954887216,0.076908968,0.6829268292682927,0
0.9875,0.3803,0.032163986,0.14176925749960828,0.7111111111111111,0.7351351351351352,0.035897435897435895,0,0.257010857,0.6357894736842106,0
0.9897,0.4355,0.031460001,0.15069376191676925,0.723404255,0.7479191438763377,0.073717949,0.2,0.3405456975314289,0.5498220640569395,0
0.9763,0.3917,0.046736573,0.20026308912369292,0.6666666666666666,0.082651743,0.051282051,0.005494505,0.0464761,0.4444444444444444,0
0.9834,0.3153,0.038148773,0.17568879801925655,0.7551020408163265,0.17806731813246468,0.067460317,1,0.41517587853092736,0.6057906458797327,0
0.9969,0.2576,0.019195710158408066,0.09500171,0.7659574468085106,0.7423887587822013,0.073593074,0.055555556,0.29051246264361014,0.6704288939051919,0
0.994,0.3274,0.024306084500872266,0.11031111774525246,0.8333333333333334,0.8651960784313726,0.032467532467532464,0.004237288,0.3006336330114994,0.5380622837370242,0
0.9895,0.2838,0.030149946463626554,0.134918165,0.7045454545454546,0.1955380577427821,0.038461538461538464,0.05,0.094666532,0.7427821522309711,0
0.989,0.2234,0.028526320648197427,0.12184790942727783,0.8444444444444444,0.7648936170212766,0.064908722,1,0.6099341130436033,0.6912928759894459,0
0.9528,0.3307,0.071523717,0.29054878796133554,0.7435897435897436,0.6358792184724689,0.052197802,0.026315789,0.23813093671465177,0.5084427767354597,0
0.9706,0.407,0.051857452,0.1970912550416551,0.868421053,0.7206703910614525,0.068825911,1,0.5964987673308756,0.7897897897897898,0
0.985,0.4347,0.036768855,0.16444003595536644,0.7777777777777778,0.8716645489199492,0.1111111111111111,1,0.6609252200103534,0.6586921850079744,0
0.9888,0.2704,0.035089999,0.14822304861442695,0.7441860465116279,0.39669421487603307,0.125,0.083333333,0.2016758494031221,0.5711252653927813,0
0.9913,0.2332,0.028037009665060317,0.14432840927769153,0.673469388,0.3516778523489933,0.0625,0.022222222222222223,0.1454666915237385,0.8333333333333334,0
0.9824,0.2629,0.038667936,0.20097927119381961,0.673469388,0.10253807106598989,0.038461538461538464,0.022222222222222223,0.054407277,0.6847545219638242,0
0.9753,0.3264,0.051460691,0.21753678532053183,0.62,0.6260593220338984,0.066666667,0.030303030303030304,0.24100967300119844,0.6193895870736086,0
0.9908,0.2859,0.027752750233291188,0.15155998439662707,0.7142857142857143,0.1512605042016807,0.058823529411764705,0.047619047619047616,0.085901027,0.6226086956521739,0
0.9932,0.2776,0.026810544925556082,0.14228678943058115,0.7446808510638298,0.9052092228864219,0.045955882,0.083333333,0.3448328128575655,0.4798061389337641,0
0.9923,0.5028,0.027613605,0.13143334019124245,0.7391304347826086,0.6586237712243075,0.0625,1,0.5737079237414359,0.6063569682151589,0
0.994,0.3049,0.022990412091118344,0.12496421403414111,0.7346938775510204,0.7710396039603961,0.090909091,0.066666667,0.30953845384538453,0.6413793103448275,0
0.9925,0.4053,0.026680442,0.13261434054332943,0.7333333333333333,0.5454545454545454,0.090909091,1,0.5454545454545454,0.5924855491329479,0
0.9835,0.35,0.039501975,0.1627690059019678,0.8333333333333334,0.7905982905982906,0.065454545,0,0.28535094535094535,0.6470588235294118,0
0.9872,0.721,0.034398504,0.1478558511998019,0.85,0.6067551266586249,0.058333333333333334,0.14285714285714285,0.26931520094970035,0.8374233128834356,0
0.9743,0.2945,0.046354505,0.20809749240934616,0.5686274509803921,0.21820303383897321,0.0625,0.1111111111111111,0.13060471498336143,0.6416666666666667,0
0.9919,0.181,0.025016579963657914,0.12127771490368379,0.8461538461538461,0.142023346,0.071146245,1,0.40438986378759684,0.8127853881278538,0
0.9919,0.2936,0.026185514,0.11311465556365186,0.8292682926829268,0.847953216,0.051150895,0.027027027,0.30871038,0.709349593,0
0.9761,0.2172,0.041876625534466146,0.24109466937420468,0.6792452830188679,0.3052023121387283,0.0703125,0.018518518518518517,0.1313444435524156,0.7570621468926554,0
0.9777,0.2038,0.04057354,0.22394418378964678,0.6538461538461539,0.6373737373737374,0.085227273,0.016666666666666666,0.24642255892255893,0.7142857142857143,0
0.959,0.2445,0.055511355,0.27966160411966784,0.6428571428571429,0.50921273,0.0625,0.035714286,0.2024756720108479,0.6576354679802956,0
0.992,0.3346,0.032713528,0.12368889502762832,0.9166666666666666,0.26453488372093026,0.061728395,1,0.4420877595942196,0.5789473684210527,0
0.9965,0.268,0.021075928,0.088382748,0.8918918918918919,0.17057169634489222,0.038461538461538464,0.037037037037037035,0.082023424,0.7046263345195729,0
0.9688,0.3569,0.052767557,0.2188293445278305,0.7446808510638298,0.13605442176870752,0.055072464,0,0.063708962,0.37662337662337664,0
0.9925,0.2337,0.033659752,0.12433979031977287,0.7954545454545454,0.32381889763779526,0.081521739,0,0.13511354558941002,0.8354037267080745,0
0.9914,0.2168,0.030235005,0.14073205891084672,0.75,0.11517367458866545,0.086956522,0,0.067376732,0.744807122,0
0.9931,0.4133,0.024669709556438508,0.1151985415736124,0.7959183673469388,0.5217864923747277,0.042483660130718956,0.11764705882352941,0.2273057371096587,0.6836363636363636,0
0.918,0.1913,0.075164092,0.3483887152871392,0.6181818181818182,0.2057356608478803,0.060606061,0.043478260869565216,0.10327332744116872,0.4653679653679654,0
0.86,0.2661,0.10877295192512007,0.32538645618720813,0.7333333333333333,0.8552380952380952,0.085227273,0,0.313488456,0.5719844357976653,0
0.9864,0.4053,0.03667285,0.17243670110744275,0.7674418604651163,0.18727050183598526,0.075757576,1,0.42100935919785365,0.7743589743589744,0
0.9832,0.2093,0.043013442,0.16935828601368985,0.8857142857142857,0.2954545454545454,0.1111111111111111,0.16666666666666666,0.19107744107744107,0.5846501128668171,0
0.9838,0.2174,0.043232269,0.19037931649650164,0.7837837837837838,0.17810599478714162,0.0625,0.5,0.24686866492904722,0.9088319088319088,0
0.9819,0.1295,0.038811158579778675,0.18634711685941985,0.5535714285714286,0.3950033760972316,0.064935065,0.021276596,0.16040501225899245,0.4514501891551072,0
0.9876,0.4081,0.034223856,0.16314544097429484,0.7727272727272727,0.8707386363636364,0.0625,0.25,0.39441287878787873,0.558282209,0
0.9947,0.3762,0.024345280069497315,0.10106196181273328,0.825,0.846938776,0.09,0.25,0.39564625850340135,0.7559681697612732,0
0.9929,0.3666,0.027405338512760898,0.13146593618105765,0.8181818181818182,0.6461538461538461,0.060606061,0.5,0.4022533022533022,0.48812095032397407,0
0.9851,0.2654,0.035884553978547985,0.16807697103187613,0.8125,0.1919003115264798,0.02972028,0.038461538461538464,0.086694043,0.5957066189624329,0
0.975,0.3893,0.048433753119395975,0.17266419062269936,0.7,0.5625841184387618,0.035353535,0.015151515151515152,0.20436305631460408,0.6722222222222223,0
0.9908,0.2664,0.030291966552115236,0.16262385991936487,0.660377358,0.426829268,0.04,0.038461538461538464,0.1684302689180738,0.9116279069767442,0
0.9958,0.35,0.025066591176126196,0.097012561,0.8837209302325582,0.24145077720207253,0.077922078,0.125,0.1481242850413835,0.7845744680851063,0
0.9797,0.3808,0.041800355,0.22866653132066794,0.5932203389830508,0.13903345724907068,0.055555556,0.036363636,0.076984216,0.43617021276595747,0
0.9909,0.3853,0.030081771295558626,0.16382937382246301,0.6862745098039216,0.7552795031055901,0.062222222,1,0.6058339084426041,0.5074946466809421,0
0.9855,0.2507,0.034104706799915965,0.16303478702990892,0.6938775510204082,0.625,0.055555556,0.025641026,0.23539886039886038,0.602996255,0
0.9844,0.1108,0.036971908179387496,0.20015993777751956,0.6724137931034483,0.2704135737009544,0.041666666666666664,0.052631579,0.12157060643832984,0.6831896551724138,0
0.9698,0.3045,0.051790039,0.19414237,0.813953488,0.7527173913043479,0.068181818,0.045454545454545456,0.2887845849802372,0.6610576923076923,0
0.9708,0.423,0.048781025048814125,0.2006248291249664,0.7058823529411765,0.9455081001472754,0.088888889,0.20833333333333334,0.41424344078983255,0.5360824742268041,0
0.9936,0.3286,0.032579297,0.15089521092739577,0.6521739130434783,0.23484848484848486,0.067708333,0.009345794,0.10396753752478051,0.660574413,0
0.9949,0.3799,0.021972862467620362,0.10101595122684028,0.8,0.21102863202545064,0.066666667,0.16666666666666666,0.14812065511959466,0.586864407,0
0.9832,0.2295,0.038450947,0.1833774978043695,0.7631578947368421,0.6708683473389356,0.066666667,1,0.5791783380018675,0.46691176470588236,0
0.9868,0.331,0.038768046,0.17318861044799805,0.6666666666666666,0.6521739130434783,0.078674948,0.083333333,0.2713940648723257,0.7645631067961165,0
0.959,0.2059,0.069912388,0.2770663346946959,0.6521739130434783,0.8012367491166078,0.059782608695652176,0.1111111111111111,0.32404348964112367,0.6039119804400978,0
0.9952,0.4345,0.022529929495416354,0.10362067276683633,0.7272727272727273,0.7372654155495979,0.10185185185185185,0.2,0.3463724224671499,0.6529605263157895,0
0.9732,0.2603,0.050664737,0.20077956283233533,0.7727272727272727,0.5470668485675307,0.098245614,0.083333333,0.2428819319786506,0.6247422680412371,0
0.9866,0.257,0.034931669,0.1635921717034585,0.7169811320754716,0.9622285174693107,0.044285714,1,0.668838077,0.5573505654281099,0
0.9733,0.3937,0.047161903960626944,0.17790781350487714,0.8181818181818182,0.7154761904761905,0.083333333,0.25,0.34960317460317464,0.6781818181818182,0
0.9944,0.3609,0.022534283,0.10392838946114569,0.7692307692307693,0.8862781954887218,0.050347222222222224,0.125,0.3538751392369813,0.6027397260273972,0
0.9835,0.3589,0.041351593333181294,0.17776886988790766,0.7333333333333333,0.11372950819672134,0.10576923076923077,0.066666667,0.095388469,0.5686274509803921,0
0.9776,0.2956,0.044061777,0.23255836605665425,0.5892857142857143,0.9030362389813908,0.048611111,1,0.6505491166975007,0.5845864661654135,0
0.9405,0.3161,0.07676623,0.28049104844267286,0.7291666666666666,0.6655495978552279,0.045112781954887216,1,0.5702207932700384,0.5394126738794436,0
0.9903,0.3739,0.029737497,0.14099626476863028,0.8222222222222222,0.8363136176066025,0.048611111,0.033333333,0.30608602068368235,0.47384615384615386,0
0.9721,0.2369,0.056470596615904624,0.20222625864925203,0.68,0.4596003475238922,0.050505050505050504,0.019230769230769232,0.17644538908657068,0.38095238095238093,0
0.9865,0.2925,0.035724246073669294,0.16986516211430006,0.7291666666666666,0.26066350710900477,0.046296296296296294,1,0.435653268,0.7251184834123223,0
0.9315,0.3975,0.07769483,0.27108632238597496,0.8333333333333334,0.4270353302611367,0.058823529411764705,0.090909091,0.19225598352733075,0.6093189964157706,0
0.9858,0.2908,0.036804226,0.16782158532943312,0.7115384615384616,0.5031055900621118,0.057142857,0.2,0.25341614906832294,0.4485981308411215,0
0.9857,0.2986,0.037276146,0.15924412634964177,0.775,0.9702970297029703,0.051587301587301584,0,0.3406281104300906,0.6084033613445378,0
0.9765,0.3509,0.046826918,0.1739893610953027,0.8780487804878049,0.8123486682808717,0.098039216,0.028571429,0.31298643751285826,0.653012048,0
0.9757,0.3662,0.045579456,0.19711603480616577,0.85,0.12625250501002006,0.083333333,0.038461538461538464,0.082682459,0.6878980891719745,0
0.9817,0.2931,0.039167813330680035,0.20724879507744506,0.7,0.701022147,0.068965517,0.027777777777777776,0.26592181384227437,0.5032258064516129,0
0.9962,0.2461,0.018120813,0.074280701,0.9230769230769231,0.7255139056831923,0.125,0.083333333,0.3112824130055085,0.7620396600566572,0
0.9764,0.3097,0.050070393,0.19095367003007124,0.7346938775510204,0.8321850393700787,0.021604938271604937,0.013071895424836602,0.2889539576888401,0.6560509554140127,0
0.9311,0.2386,0.079357809,0.29931492220848815,0.7560975609756098,0.4031088082901555,0.045454545454545456,0,0.14952111791490033,0.8092783505154639,0
0.9915,0.2832,0.028293922990033565,0.14590271682642586,0.75,0.15882874889086074,0.054054054,0.5,0.23762760098163827,0.5251677852348994,0
0.99,0.601,0.030464738374861185,0.1142660317276154,0.8055555555555556,0.5777576853526221,0.0625,1,0.5467525617842074,0.747016706,0
0.9805,0.3811,0.042558484172508425,0.18200031874770817,0.7380952380952381,0.19475021168501272,0.044871795,0.1111111111111111,0.11691103922263957,0.6475972540045767,0
0.9901,0.3474,0.029947886,0.1478173383081798,0.813953488,0.5493273542600896,0.036458333333333336,0.013157894736842105,0.199647861,0.6943765281173594,0
0.9825,0.299,0.039611483,0.15404453395492249,0.8108108108108109,0.19525350593311763,0.090909091,0.034482758620689655,0.1068817851542994,0.4492481203007519,0
0.9833,0.2299,0.038362552,0.1651098637849269,0.8444444444444444,0.2588035638523547,0.032258065,0.25,0.1803538761228279,0.7721518987341772,0
0.9953,0.3143,0.020507317787519762,0.090572481,0.8857142857142857,0.18343195266272194,0.1111111111111111,1,0.4315143545912777,0.8885350318471338,0
0.9823,0.2357,0.039824252,0.19528358241577762,0.7111111111111111,0.2920997920997921,0.066666667,0.25,0.2029221529221529,0.6530612244897959,0
0.9631,0.2093,0.052155012,0.2512001963960174,0.7272727272727273,0.845959596,0.067226891,0.1,0.33772882890529954,0.7046979865771812,0
0.9934,0.2712,0.024809905648681133,0.141447781,0.660377358,0.6706666666666667,0.053030303,1,0.5745656565656566,0.6577060931899642,0
0.9916,0.3884,0.028445347,0.15143303342421105,0.717391304,0.6675603217158177,0.05952381,1,0.5756947104132091,0.6308068459657702,0
0.9913,0.8,0.025149426,0.10919848362017523,0.8813559322033898,0.8702337023370234,0.044191919,0.14285714285714285,0.3524275881286951,0.7243816254416962,0
0.9856,0.4179,0.035373260118982605,0.17573418979462846,0.6938775510204082,0.47149758454106283,0.074074074,1,0.5151905528717123,0.7801857585139319,0
0.9835,0.3187,0.040717018,0.17834578653782007,0.7307692307692307,0.1701112877583466,0.030651341,0.5,0.23358754291817174,0.45768566493955093,0
0.9904,0.4957,0.029697901603104166,0.12733526728823685,0.8611111111111112,0.25931677018633537,0.080213904,0.5,0.2798435579765503,0.6260387811634349,0
0.9747,0.3028,0.042146314,0.20488331130691734,0.7291666666666666,0.18884120171673824,0.068181818,0.090909091,0.11597737026921577,0.4703196347031963,0
0.9938,0.334,0.023833841271564203,0.098905231,0.8461538461538461,0.3147632311977716,0.10317460317460317,0.076923077,0.1649536370984839,0.6995967741935484,0
0.9759,0.2181,0.052318595709368476,0.21687089391977274,0.717948718,0.41225626740947074,0.14285714285714285,0.076923077,0.21067882906323018,0.7275541795665634,0
0.9832,0.2499,0.038372261,0.18577873079781249,0.7659574468085106,0.25235678027556196,0.042232277526395176,0.014925373134328358,0.10317147697876183,0.5736568457538995,0
0.9782,0.2841,0.048072146,0.19139769027020406,0.7906976744186046,0.5361930294906166,0.056547619,0.25,0.2809135495127452,0.608801956,0
0.9841,0.3662,0.038902008,0.16708361531343138,0.8292682926829268,0.6699999999999999,0.095238095,0.25,0.33841269841269844,0.615606936,0
0.9948,0.3365,0.021211630159221107,0.12313092946613392,0.7083333333333334,0.12696335078534027,0.083333333,1,0.40343222803955786,0.6294277929155313,0
0.985,0.4255,0.038412068261706116,0.2114128550733857,0.6226415094339622,0.3161764705882353,0.036363636,0.043478260869565216,0.13200612260714562,0.235,0
0.9921,0.385,0.028121760483929822,0.14091962652851162,0.76,0.10698496905393462,0.072115385,0.010526315789473684,0.06320889,0.5701275045537341,0
0.9917,0.4603,0.027838097220554935,0.12206722093143053,0.8571428571428571,0.5040783034257749,0.090909091,0,0.19832913144495526,0.8012958963282938,0
0.9638,0.4529,0.056658934,0.21529881160646352,0.8181818181818182,0.5006784260515604,0.071428571,0,0.19070233249337729,0.6272401433691757,0
0.9929,0.3795,0.024340504,0.096420884,0.9444444444444444,0.8362892223738063,0.083333333,0,0.3065408519023799,0.7368421052631579,0
0.9945,0.4369,0.022297441,0.10863052184327471,0.8923076923076924,0.8035714285714286,0.03868472,0.782608696,0.541621615,0.6513002364066194,0
0.9924,0.6577,0.026543565226095512,0.11948918659026724,0.8285714285714286,0.19332763045337897,0.053846154,0,0.082391261,0.6572052401746725,0
0.9815,0.2472,0.039203088,0.16412414216692492,0.8717948717948718,0.15964523281596454,0.082539683,1,0.4140616384518823,0.7147766323024055,0
0.9971,0.347,0.015791069502113123,0.079098807,0.8125,0.1709401709401709,0.045454545454545456,0.014084507042253521,0.076826408,0.7605321507760532,0
0.9713,0.3617,0.050607513366930965,0.23881363609709072,0.6862745098039216,0.6751740139211138,0.092592593,0.04,0.26925553550456877,0.5251641137855579,0
0.9714,0.2754,0.050540195,0.23033777576238418,0.6458333333333334,0.7950819672131147,0.098765432,0.2,0.36461579977062675,0.6408839779005525,0
0.9904,0.3949,0.028087688284644342,0.146873279,0.7608695652173914,0.3288331726133076,0.048245614,1,0.4590262622161318,0.5912863070539419,0
0.9878,0.3383,0.032423868,0.12991805766656617,0.7948717948717948,0.9252782193958664,0.083333333,0.047619047619047616,0.35207686678274913,0.7677053824362606,0
0.9926,0.3097,0.024828274821352483,0.1214389160639598,0.7916666666666666,0.22594594594594597,0.059375,0.071428571,0.1189165057915058,0.5856079404466501,0
0.9893,0.3513,0.033326933,0.1398852863009376,0.782608696,0.18991097922848665,0.055555556,0.020833333333333332,0.088766623,0.5914529914529915,0
0.9894,0.1718,0.031242091649204155,0.14450192922282593,0.7659574468085106,0.3160919540229885,0.061705989,0.022222222222222223,0.13334005511863953,0.753393665,0
0.9807,0.2721,0.046588319315801464,0.2011661062949779,0.6923076923076923,0.1955719557195572,0.051948052,0.004237288,0.083919099,0.5501730103806228,0
0.9871,0.3492,0.036387881370149706,0.17305590761666512,0.717391304,0.12562396006655574,0.043956044,0,0.056526668,0.4698581560283688,0
0.9872,0.2272,0.035054602,0.16490050988035626,0.8095238095238095,0.1742489270386266,0.035087719,0,0.069778882,0.5153550863723608,0
0.9812,0.3313,0.044312815,0.22480334268896485,0.673469388,0.1485305798252582,0.066666667,0.018518518518518517,0.077905255,0.6713091922005571,0
0.9767,0.3342,0.043936618875024945,0.21960918863981127,0.7333333333333333,0.040336879432624095,0.038461538461538464,1,0.3595994726313876,0.2776639344262295,0
0.9892,0.3795,0.035963801,0.15986005539201578,0.8157894736842105,0.5893854748603352,0.091666667,1,0.5603507138423339,0.815028902,0
0.9892,0.3795,0.035963801,0.15986005539201578,0.8157894736842105,0.5907821229050279,0.091666667,1,0.5608162631905648,0.815028902,0
0.9967,0.2631,0.020178925,0.080361928,0.9166666666666666,0.15240641711229952,0.15384615384615385,0.2,0.1687508569861511,0.7906137184115524,0
0.9873,0.2941,0.035763433,0.13582607920608536,0.8461538461538461,0.17167919799498743,0.10989010989010989,1,0.42718976929503244,0.618925831,0
0.9468,0.4548,0.07054385,0.2606503518591132,0.6511627906976745,0.8118214716525936,0.090909091,1,0.6342435208538948,0.6428571428571429,0
0.9891,0.3274,0.033815411,0.15985664093819751,0.7291666666666666,0.8123569794050343,0.066326531,0.033333333,0.3040056144502042,0.5974643423137876,0
0.987,0.3244,0.032947157,0.15361113225493966,0.7608695652173914,0.2700205338809035,0.072649573,0.071428571,0.13803289265301585,0.4444444444444444,0
0.9917,0.4245,0.029343147587178164,0.15937586810024287,0.6923076923076923,0.19723618090452266,0.083333333,0.066666667,0.11574539363484089,0.6275862068965518,0
0.9812,0.3372,0.040087895,0.18379370328506395,0.6808510638297872,0.9196102314250914,0.064171123,0.066666667,0.3501493403621368,0.69375,0
0.9913,0.6821,0.028205545140847745,0.12048522213346585,0.8888888888888888,0.8174946004319654,0.05,0.6666666666666666,0.5113870890328774,0.8657718120805369,0
0.997,0.3601,0.016304934730308165,0.07346684,0.9047619047619048,0.17560462670872767,0.039215686,0.055555556,0.09012529,0.6296296296296297,0
0.9806,0.4623,0.042908226,0.1542196015593581,0.8717948717948718,0.33302411873840443,0.05625,1,0.46309137291280145,0.8434163701067615,0
0.9823,0.2084,0.046374092,0.2279527103215009,0.6730769230769231,0.779047619,0.072,0,0.28368253968253965,0.6098654708520179,0
0.9384,0.0576,0.1171165307006049,0.38726465143588756,0.6666666666666666,0.707682698,0.054421769,0.009433962,0.25717947642839595,0.3271461716937355,0
0.9832,0.3482,0.043827943,0.16200098132680493,0.9166666666666666,0.7411003236245954,0.10196078431372549,0.076923077,0.3066613949537993,0.5994897959183674,0
0.9707,0.3456,0.049626163181308316,0.22368093025940847,0.7894736842105263,0.14457831325301207,0.095238095,1,0.41327213616370245,0.5141388174807198,0
0.9681,0.5118,0.053033402,0.21954699328888086,0.90625,0.6483516483516483,0.11538461538461539,1,0.5879120879120879,0.6918429003021148,0
0.989,0.381,0.032083462,0.1435055193101344,0.7142857142857143,0.6491646778042959,0.0875,0.14285714285714285,0.29317394022047955,0.4988662131519274,0
0.995,0.3589,0.020771513993289123,0.096984795,0.8666666666666667,0.833729216,0.058823529411764705,1,0.6308509151879279,0.551622419,0
0.9331,0.4112,0.071429384,0.28555419662011094,0.7916666666666666,0.29051000645577796,0.020215054,0.029411764705882353,0.11337894164170038,0.36194779116465864,0
0.9851,0.3529,0.037774520161837646,0.16705636365982687,0.7692307692307693,0.6948051948051948,0.083333333,1,0.5927128427128426,0.7133757961783439,0
0.9931,0.2449,0.024314582518400678,0.12263601576779429,0.782608696,0.4962894248608535,0.068965517,0.125,0.23008498070074426,0.6816901408450704,0
0.9844,0.2834,0.040074655761597196,0.17989582946028568,0.775,0.5911692559280458,0.046920821,0,0.21269669234747177,0.7246753246753247,0
0.9817,0.0471,0.040619415113636134,0.17729626791192477,0.6981132075471698,0.6862745098039216,0.05,0.052631579,0.262968696,0.4862681744749596,0
0.9857,0.3577,0.040380028640966834,0.16827959631546743,0.7804878048780488,0.8220994475138121,0.090909091,1,0.6376695128076343,0.6362007168458781,0
0.9776,0.5319,0.043524496782735005,0.18763115725142634,0.8095238095238095,0.033913043,0.038461538461538464,1,0.3574581939799331,0.884514436,0
0.9962,0.3238,0.018894277531658975,0.097993713,0.7111111111111111,0.12126245847176076,0.062962963,0.071428571,0.085217998,0.8113695090439277,0
0.935,0.0885,0.087545674,0.29853634407818025,0.5909090909090909,0.1430335968379447,0.019638043896804003,0.004065041,0.055578894,0.5446153846153846,0
0.9929,0.2754,0.025108983,0.13602608217569814,0.7446808510638298,0.4923504867872045,0.11607142857142858,0.066666667,0.2250295273417666,0.6482758620689655,0
0.9922,0.2258,0.026522833,0.11231037716431158,0.8974358974358975,0.29941860465116277,0.066666667,0.25,0.20536175710594315,0.7729591836734694,0
0.9619,0.4325,0.060910567117995335,0.21591579098651897,0.6521739130434783,0.8376844494892168,0.090909091,0.5,0.4761978467994359,0.6685714285714286,0
0.9659,0.325,0.056611847,0.27109299747934745,0.6739130434782609,0.2829099307159353,0.086956522,0.037037037037037035,0.13563449649736758,0.6080246913580247,0
0.9822,0.2713,0.039961417676452934,0.17691937363954457,0.6956521739130435,0.377207063,0.095238095,0.037037037037037035,0.16982739829181778,0.5773809523809523,0
0.9869,0.4605,0.034484923,0.18127292384291585,0.7291666666666666,0.7579666160849772,0.035185185,1,0.5977172670900541,0.6710526315789473,0
0.9878,0.3338,0.031373373,0.13918604508837676,0.7954545454545454,0.563535912,0.085,0,0.21617863720073663,0.5773195876288659,0
0.9945,0.2558,0.021397564851132714,0.12131509268977556,0.660377358,0.2581196581196581,0.044117647,0.1,0.13407910172616055,0.5874587458745875,0
0.9811,0.3244,0.041392763,0.19708806665015183,0.7659574468085106,0.8887688984881209,0.050909091,0.034482758620689655,0.3247202493393005,0.5042016806722689,0
0.9849,0.5278,0.037383901,0.1558185686859235,0.8717948717948718,0.7139639639639639,0.077294686,1,0.597086217,0.6360225140712945,0
0.9819,0.2839,0.038761043,0.19792554272703292,0.6666666666666666,0.45906432748538006,0.044907779,0.007042254,0.17033811989177064,0.6834264432029795,0
0.9887,0.4013,0.034230595,0.14195031324441215,0.868421053,0.15405405405405403,0.054901960784313725,0.048780488,0.085912168,0.5182926829268293,0
0.9903,0.2953,0.028823503,0.16268845179306998,0.6379310344827587,0.1641104294478528,0.041322314,0.013888888888888888,0.073107211,0.5654102,0
0.9893,0.2953,0.032049759,0.1271878694041562,0.7333333333333333,0.35651478816946447,0.039285714285714285,0.052631579,0.14947736046751572,0.7312661498708011,0
0.9869,0.3413,0.036308041,0.15715960878339538,0.7804878048780488,0.087268994,0.071428571,0.014705882352941176,0.057801149207116126,0.7563025210084033,0
0.9957,0.4406,0.019427247927620517,0.081295007,0.8648648648648649,0.28547008547008546,0.11764705882352941,1,0.46770571476453826,0.9085872576177285,0
0.9736,0.3741,0.049542607,0.19842187970028938,0.8378378378378378,0.6380813953488372,0.076923077,0.2,0.3050014907573047,0.6755447941888619,0
0.9653,0.2402,0.057553358,0.2587129178106216,0.7111111111111111,0.1750245821042281,0.071428571,0.066666667,0.10437327339982207,0.47358490566037736,0
0.9935,0.4809,0.022616498,0.11109840639573043,0.7857142857142857,0.33052631578947367,0.089285714,0.1111111111111111,0.17697438039543303,0.6834319526627219,0
0.9744,0.3423,0.047470324,0.1973796393339768,0.775,0.44986072423398327,0.11458333333333333,0,0.18814801918910554,0.6133651551312649,0
0.9843,0.3203,0.0360391,0.17609657625598063,0.7391304347826086,0.670908039,0.048484848484848485,0.047619047619047616,0.2556706451443294,0.6324786324786325,0
0.9889,0.2772,0.033147015,0.14371835947016393,0.74,0.4657534246575342,0.027826087,0.084656085,0.19274519875671356,0.4452054794520548,0
0.9825,0.3574,0.04119462,0.1782979185536696,0.7317073170731707,0.5512021371326803,0.058823529411764705,0.125,0.245008556,0.7361809045226131,0
0.9935,0.2518,0.02280722,0.10403490653243071,0.8292682926829268,0.28021486123545214,0.038888889,0.015384615384615385,0.11149612183631881,0.7020648967551623,0
0.9911,0.2156,0.027060293,0.12903725075807845,0.868421053,0.16399082568807344,0.064197531,1,0.40939611885075705,0.7422680412371134,0
0.986,0.1946,0.04070832,0.1945961254422419,0.6545454545454545,0.6323529411764706,0.054054054,1,0.5621356650768415,0.4369158878504673,0
0.9858,0.2834,0.038852687,0.15700051289798972,0.8157894736842105,0.12852664576802508,0.11764705882352941,0.076923077,0.10769892717154379,0.6403061224489796,0
0.9772,0.3046,0.060702893297420624,0.22658006301666442,0.7857142857142857,0.136144578,0.097222222,0,0.077788934,0.46680497925311204,0
0.997,0.2294,0.018204868244767074,0.076620621,0.918918919,0.22036474164133735,0.12307692307692308,1,0.4478138882394201,0.789308176,0
0.9916,0.3283,0.029737475308141182,0.15033179316193826,0.8292682926829268,0.5876993166287017,0.086956522,0,0.22488527945594403,0.5552995391705069,0
0.9511,0.1966,0.071166233,0.27289043424745757,0.6666666666666666,0.7985074626865671,0.069958848,0.11764705882352941,0.32870445641557405,0.49898580121703856,0
0.995,0.5929,0.02250338,0.10202306290279452,0.8947368421052632,0.20547945205479456,0.051150895,0.14285714285714285,0.1331624966842008,0.5804093567251462,0
0.9913,0.3178,0.034336775,0.14281564796097915,0.7619047619047619,0.11366459627329195,0.051724138,1,0.3884629114014421,0.76070529,0
0.995,0.3361,0.021741900017277004,0.099586788,0.7872340425531915,0.7736900780379041,0.075396825,0.1111111111111111,0.32006600484861353,0.7555555555555555,0
0.995,0.4386,0.022485407517168033,0.093849403,0.8611111111111112,0.097701149,0.071428571,0.25,0.13970990695128627,0.8151260504201681,0
0.9951,0.3472,0.021085660400446047,0.090594651,0.8857142857142857,0.9009483667017913,0.055555556,0.5,0.4855013074191157,0.6673189823874756,0
0.9909,0.6425,0.027843883921756563,0.13326518822645458,0.7804878048780488,0.6666666666666667,0.1111111111111111,1,0.5925925925925927,0.7770897832817337,0
0.9854,0.3087,0.04336309,0.20022732254248093,0.7380952380952381,0.51697439,0.036764706,0.1,0.21791303179997432,0.513184584,0
0.9862,0.2402,0.039300832,0.1651207667171828,0.8292682926829268,0.7209302325581395,0.080357143,1,0.6004291251384274,0.5581395348837209,0
0.9845,0.2601,0.036960312,0.15706846406075922,0.8181818181818182,0.16821760916249107,0.03968254,1,0.40263338294834367,0.5353535353535354,0
0.9786,0.3151,0.043249039,0.20758743832675305,0.7115384615384616,0.9435736677115988,0.049523809523809526,0.034482758620689655,0.342526745,0.5559055118110237,0
0.9947,0.2325,0.022328549,0.096202375,0.7674418604651163,0.7214137214137214,0.061111111,0.25,0.3441749441749442,0.8010204081632653,0
0.9885,0.2941,0.036367425,0.16401421361127383,0.7333333333333333,0.683221477,0.071428571,1,0.5848833493128794,0.5488372093023256,0
0.9245,0.3383,0.092949827,0.32729089800227357,0.6595744680851063,0.7997293640054127,0.076923077,1,0.6255508136428299,0.5116696588868941,0
0.997,0.4799,0.016992983175895694,0.087114714,0.7560975609756098,0.36663524976437323,0.038888889,0.008695652,0.1380732636090584,0.7286821705426356,0
0.9605,0.3325,0.066520812,0.23083050395735602,0.7272727272727273,0.2494802494802495,0.058823529411764705,1,0.4361012596306714,0.7036144578313253,0
0.9904,0.3752,0.033921387,0.14730200224856124,0.7948717948717948,0.1847133757961783,0.055555556,0.16666666666666666,0.13564519933946684,0.7133182844243793,0
0.9861,0.3341,0.035097673,0.15323539706780917,0.7111111111111111,0.5247208931419458,0.076923077,0,0.20054799002167423,0.8126888217522659,0
0.9759,0.411,0.050064416250891836,0.2182345987312411,0.7111111111111111,0.24096385542168675,0.08,0.090909091,0.13729098211025922,0.8449612403100775,0
0.992,0.362,0.030731022750547687,0.1452241475036783,0.6976744186046512,0.6233128834355828,0.080267559,1,0.5678601473213369,0.6728723404255319,0
0.9916,0.4377,0.027941837426630322,0.12701134314108334,0.8,0.40881763527054105,0.1,0,0.16960587842351368,0.7744807121661721,0
0.9859,0.3377,0.035705364,0.1683251765658552,0.75,0.14587525150905434,0.064814815,1,0.4035633554412897,0.6326034063260341,0
0.9983,0.3819,0.011960537231899626,0.057374304063838845,0.9285714285714286,0.6569250317662008,0.090909091,0.058823529411764705,0.26888588402901875,0.5706896551724138,0
0.9923,0.5028,0.027613605,0.13143334019124245,0.7391304347826086,0.6586237712243075,0.0625,1,0.5737079237414359,0.7654320987654321,0
0.9862,0.2593,0.041868953189802535,0.1664292148202919,0.8095238095238095,0.14441842310694775,0.056818181818181816,0.1111111111111111,0.10411590534541355,0.7054054054054054,0
0.949,0.3713,0.064071858,0.2995978592592195,0.6666666666666666,0.4896551724137931,0.066666667,0.028571429,0.19496442255062943,0.4627659574468085,0
0.99,0.4407,0.031754347,0.1311765589752396,0.8,0.6296296296296297,0.090909091,0.1,0.2735129068462402,0.6788990825688074,0
0.974,0.2309,0.049041176,0.18907520765708602,0.9210526315789473,0.18642241379310343,0.10526315789473684,0.05,0.11389519056261342,0.6855524079320113,0
0.9638,0.4168,0.057773149,0.21575860131857744,0.8157894736842105,0.5679012345679013,0.050505050505050504,1,0.539468762,0.6866096866096866,0
0.9966,0.4003,0.019828745507038767,0.094520392,0.7209302325581395,0.37106918238993714,0.038636363636363635,0.0234375,0.14438101534210027,0.640506329,0
0.9873,0.451,0.032751459,0.1492037344897836,0.8809523809523809,0.15394912985274434,0.10784313725490197,0.18181818181818182,0.1478701496419427,0.5640394088669951,0
0.9886,0.2618,0.031940536,0.1286759478117267,0.8648648648648649,0.7743979721166033,0.086687307,0.05,0.3036950928727171,0.7478753541076487,0
0.994,0.3628,0.022124879,0.087248405,0.9069767441860465,0.26327433628318586,0.080808081,0.05,0.13136080569708888,0.650390625,0
0.9862,0.2338,0.038131612332589694,0.1677649908406453,0.7674418604651163,0.46785714285714286,0.080357143,1,0.5160714285714286,0.5767441860465117,0
0.9827,0.402,0.037393696,0.1479726356458294,0.7777777777777778,0.5637898686679175,0.054166667,0.05,0.22265217844486138,0.6757894736842105,0
0.9909,0.2189,0.026815027,0.13129770547244693,0.6346153846153846,0.16612903225806452,0.058823529411764705,0.2,0.14165085388994308,0.6684981684981685,0
0.99,0.4407,0.031754347,0.1311765589752396,0.8,0.6296296296296297,0.090909091,0.1,0.2735129068462402,0.6788990825688074,0
0.9944,0.6119,0.023292217862754226,0.091639582,0.8918918918918919,0.1989130434782609,0.083333333,1,0.42741545893719807,0.8059071729957806,0
0.9453,0.2886,0.069416567,0.2678331019484872,0.6938775510204082,0.5223684210526316,0.125,0.045454545454545456,0.23094098883572567,0.8555240793201133,0
0.9831,0.352,0.045669395,0.1830092755476074,0.8,0.532555879,0.042553191,0.031496062992125984,0.2022017113253809,0.5776515151515151,0
0.9913,0.3123,0.032711079,0.119376208,0.918918919,0.7929824561403509,0.11764705882352941,0.058823529411764705,0.3231510147918817,0.5867346938775511,0
0.9937,0.5196,0.023726627732785083,0.10353220857295631,0.8823529411764706,0.375,0.11764705882352941,1,0.49754901960784315,0.774294671,0
0.9707,0.2639,0.048658777,0.20797532408068392,0.7727272727272727,0.13701236917221693,0.05,0.25,0.1456707897240723,0.5123152709359606,0
0.9798,0.3358,0.044325049144926104,0.19679639725367468,0.7317073170731707,0.12038014783526929,0.071428571,1,0.3972695730879469,0.49105367793240556,0
